Site,Plot_Name,elev
Swanquarter,SWMAR02,0.614526927
Swanquarter,SWMAR02,0.631867111
Swanquarter,SWMAR02,0.540306091
Swanquarter,SWMAR02,0.618293524
Swanquarter,SWMAR02,0.507884502
Swanquarter,SWMAR02,0.564130604
Swanquarter,SWMAR02,0.631085217
Swanquarter,SWMAR02,0.59289521
Swanquarter,SWMAR03,0.645446301
Swanquarter,SWMAR03,0.694286823
Swanquarter,SWMAR03,0.753639638
Swanquarter,SWMAR03,0.670612872
Swanquarter,SWMAR03,0.649706066
Swanquarter,SWMAR03,0.657162905
Swanquarter,SWMAR03,0.647585332
Swanquarter,SWMAR03,0
Swanquarter,SWMAR04,0.721401453
Swanquarter,SWMAR04,0.533361435
Swanquarter,SWMAR04,0.636960447
Swanquarter,SWMAR04,0.542624116
Swanquarter,SWMAR04,0.4997316
Swanquarter,SWMAR04,0
Swanquarter,SWMAR04,0.629073501
Swanquarter,SWMAR04,0.614754796
Swanquarter,SWMAR05,0.415537953
Swanquarter,SWMAR05,0.266405553
Swanquarter,SWMAR05,0.328582883
Swanquarter,SWMAR05,0.448094815
Swanquarter,SWMAR05,0.341759533
Swanquarter,SWMAR05,0.319554776
Swanquarter,SWMAR05,0.441272825
Swanquarter,SWMAR05,0
Swanquarter,SWMAR06,0.718802691
Swanquarter,SWMAR06,0.690503061
Swanquarter,SWMAR06,0.690028071
Swanquarter,SWMAR06,0.621716738
Swanquarter,SWMAR06,0.460829854
Swanquarter,SWMAR06,0.662759602
Swanquarter,SWMAR06,0.723854482
Swanquarter,SWMAR06,0.709767222
Swanquarter,SWMAR07,0.548159778
Swanquarter,SWMAR07,0.263366669
Swanquarter,SWMAR07,0.541419923
Swanquarter,SWMAR07,0.311457664
Swanquarter,SWMAR07,0.327080101
Swanquarter,SWMAR07,0.320138276
Swanquarter,SWMAR07,0
Swanquarter,SWMAR07,0.305746317
Swanquarter,SWFOR01,0.565018535
Swanquarter,SWFOR01,0.65840745
Swanquarter,SWFOR01,0.682172358
Swanquarter,SWFOR01,0.550064445
Swanquarter,SWFOR01,0
Swanquarter,SWFOR01,0.644105732
Swanquarter,SWFOR01,0.580351591
Swanquarter,SWFOR01,0.579082668
Swanquarter,SWFOR02,0.500910938
Swanquarter,SWFOR02,0.45141837
Swanquarter,SWFOR02,0.509603143
Swanquarter,SWFOR02,0.501851737
Swanquarter,SWFOR02,0.475881159
Swanquarter,SWFOR02,0.540304184
Swanquarter,SWFOR02,0.371036977
Swanquarter,SWFOR02,0.614560127
Swanquarter,SWFOR03,0.533696234
Swanquarter,SWFOR03,0.664501846
Swanquarter,SWFOR03,0.650768697
Swanquarter,SWFOR03,0.605318844
Swanquarter,SWFOR03,0.716713548
Swanquarter,SWFOR03,0
Swanquarter,SWFOR03,0.607881069
Swanquarter,SWFOR03,0.753390729
Swanquarter,SWFOR04,0.493972838
Swanquarter,SWFOR04,0.508246124
Swanquarter,SWFOR04,0.44747144
Swanquarter,SWFOR04,0.400666535
Swanquarter,SWFOR04,0.566781163
Swanquarter,SWFOR04,0.497636884
Swanquarter,SWFOR04,0.637528777
Swanquarter,SWFOR04,0.485007346
Swanquarter,SWFOR05,0.60453546
Swanquarter,SWFOR05,0.624780655
Swanquarter,SWFOR05,0.721506238
Swanquarter,SWFOR05,0.601265311
Swanquarter,SWFOR05,0.634725213
Swanquarter,SWFOR05,0.740990341
Swanquarter,SWFOR05,0.666677535
Swanquarter,SWFOR05,0.679624379
Swanquarter,SWFOR06,0.724197745
Swanquarter,SWFOR06,0.821170628
Swanquarter,SWFOR06,0.491311342
Swanquarter,SWFOR06,0.68945986
Swanquarter,SWFOR06,0.547485232
Swanquarter,SWFOR06,0.792145729
Swanquarter,SWFOR06,0.690328777
Swanquarter,SWFOR06,0.590867102
Swanquarter,SWFOR07,0.703752398
Swanquarter,SWFOR07,0.76217854
Swanquarter,SWFOR07,0.792609036
Swanquarter,SWFOR07,0.400256127
Swanquarter,SWFOR07,0.750887275
Swanquarter,SWFOR07,0.492333263
Swanquarter,SWFOR07,0
Swanquarter,SWFOR07,0.435411304
Swanquarter,SWTRA01,0.655549347
Swanquarter,SWTRA01,0.64655
Swanquarter,SWTRA01,0.665908754
Swanquarter,SWTRA01,0.676505387
Swanquarter,SWTRA01,0.545525789
Swanquarter,SWTRA01,0.526888311
Swanquarter,SWTRA01,0.594357252
Swanquarter,SWTRA01,0.623105884
Swanquarter,SWTRA02,0.96178633
Swanquarter,SWTRA02,0.594860971
Swanquarter,SWTRA02,0.87677753
Swanquarter,SWTRA02,0.799703658
Swanquarter,SWTRA02,0.872914135
Swanquarter,SWTRA02,0.875152111
Swanquarter,SWTRA02,0.816530228
Swanquarter,SWTRA02,0.808697164
Swanquarter,SWTRA03,0
Swanquarter,SWTRA03,0.706820726
Swanquarter,SWTRA03,0.533494294
Swanquarter,SWTRA03,0
Swanquarter,SWTRA03,0.526271939
Swanquarter,SWTRA03,0.642769456
Swanquarter,SWTRA03,0.630292714
Swanquarter,SWTRA03,0.791399896
Swanquarter,SWTRA04,0.575697303
Swanquarter,SWTRA04,0.662652195
Swanquarter,SWTRA04,0
Swanquarter,SWTRA04,0.699793339
Swanquarter,SWTRA04,0.699362159
Swanquarter,SWTRA04,0.808437109
Swanquarter,SWTRA04,0.655679286
Swanquarter,SWTRA04,0.840743065
Swanquarter,SWTRA05,0.671468854
Swanquarter,SWTRA05,0.724482477
Swanquarter,SWTRA05,0.721508861
Swanquarter,SWTRA05,0.681371093
Swanquarter,SWTRA05,0.722646713
Swanquarter,SWTRA05,0.683916688
Swanquarter,SWTRA05,0.763811827
Swanquarter,SWTRA05,0.660293877
Swanquarter,SWTRA06,0.74199295
Swanquarter,SWTRA06,0.461656928
Swanquarter,SWTRA06,0.692261457
Swanquarter,SWTRA06,0.73773253
Swanquarter,SWTRA06,0
Swanquarter,SWTRA06,0.665798426
Swanquarter,SWTRA06,0.213852391
Swanquarter,SWTRA06,0.787694871
Swanquarter,SWTRA07,0.473289758
Swanquarter,SWTRA07,0.681139886
Swanquarter,SWTRA07,0.591250598
Swanquarter,SWTRA07,0.5882442
Swanquarter,SWTRA07,0.409316301
Swanquarter,SWTRA07,0.573557138
Swanquarter,SWTRA07,0.592719555
Swanquarter,SWTRA07,0.3838498
Palmetto Peartree,PPTRA02,0.541604996
Palmetto Peartree,PPTRA02,0.555763185
Palmetto Peartree,PPTRA02,0.422813386
Palmetto Peartree,PPTRA02,0.347622961
Palmetto Peartree,PPTRA02,0.421921134
Palmetto Peartree,PPTRA02,0.500037968
Palmetto Peartree,PPTRA02,0
Palmetto Peartree,PPTRA02,0.306954086
Palmetto Peartree,PPTRA03,0
Palmetto Peartree,PPTRA03,0.481989264
Palmetto Peartree,PPTRA03,0.490373343
Palmetto Peartree,PPTRA03,0.510824621
Palmetto Peartree,PPTRA03,0.434049129
Palmetto Peartree,PPTRA03,0.374816746
Palmetto Peartree,PPTRA03,0.498005301
Palmetto Peartree,PPTRA03,0.469247997
Palmetto Peartree,PPTRA04,0.599531174
Palmetto Peartree,PPTRA04,0.612314999
Palmetto Peartree,PPTRA04,0.583749413
Palmetto Peartree,PPTRA04,0.52089119
Palmetto Peartree,PPTRA04,0.60662508
Palmetto Peartree,PPTRA04,0.617382109
Palmetto Peartree,PPTRA04,0
Palmetto Peartree,PPTRA04,0.536941051
Palmetto Peartree,PPTRA06,0.445221305
Palmetto Peartree,PPTRA06,0.477164567
Palmetto Peartree,PPTRA06,0.442426443
Palmetto Peartree,PPTRA06,0.343639314
Palmetto Peartree,PPTRA06,0.390039593
Palmetto Peartree,PPTRA06,0.339300305
Palmetto Peartree,PPTRA06,0
Palmetto Peartree,PPTRA06,0.359199584
Palmetto Peartree,PPFOR02,0
Palmetto Peartree,PPFOR02,0
Palmetto Peartree,PPFOR02,0.592075288
Palmetto Peartree,PPFOR02,0.580303252
Palmetto Peartree,PPFOR02,0.479663402
Palmetto Peartree,PPFOR02,0.5330621
Palmetto Peartree,PPFOR02,0.500641406
Palmetto Peartree,PPFOR02,0.548654139
Palmetto Peartree,PPFOR04,0.275264859
Palmetto Peartree,PPFOR04,0.392219126
Palmetto Peartree,PPFOR04,0.418949455
Palmetto Peartree,PPFOR04,0.3499538
Palmetto Peartree,PPFOR04,0.29855302
Palmetto Peartree,PPFOR04,0.263942003
Palmetto Peartree,PPFOR04,0.389445931
Palmetto Peartree,PPFOR04,0
Palmetto Peartree,PPFOR05,0.42910403
Palmetto Peartree,PPFOR05,0.395056158
Palmetto Peartree,PPFOR05,0
Palmetto Peartree,PPFOR05,0.4024055
Palmetto Peartree,PPFOR05,0.417833537
Palmetto Peartree,PPFOR05,0.41453737
Palmetto Peartree,PPFOR05,0.299432486
Palmetto Peartree,PPFOR05,0.44233641
Palmetto Peartree,PPTRA10,0.275520414
Palmetto Peartree,PPTRA10,0.358503491
Palmetto Peartree,PPTRA10,0.448648989
Palmetto Peartree,PPTRA10,0.404619157
Palmetto Peartree,PPTRA10,0.240913406
Palmetto Peartree,PPTRA10,0.342086494
Palmetto Peartree,PPTRA10,0.25036931
Palmetto Peartree,PPTRA10,0.407361627
Palmetto Peartree,PPTRA12,0.330131888
Palmetto Peartree,PPTRA12,0.609216213
Palmetto Peartree,PPTRA12,0.306741744
Palmetto Peartree,PPTRA12,0.486219823
Palmetto Peartree,PPTRA12,0.54823333
Palmetto Peartree,PPTRA12,0.327051401
Palmetto Peartree,PPTRA12,0.506985247
Palmetto Peartree,PPTRA12,0.301326215
Palmetto Peartree,PPTRA11,0.35565275
Palmetto Peartree,PPTRA11,0.408887923
Palmetto Peartree,PPTRA11,0.376414925
Palmetto Peartree,PPTRA11,0.411434323
Palmetto Peartree,PPTRA11,0.449606627
Palmetto Peartree,PPTRA11,0.437725395
Palmetto Peartree,PPTRA11,0.467585355
Palmetto Peartree,PPTRA11,0.376446068
Palmetto Peartree,PPFOR07,0.49385184
Palmetto Peartree,PPFOR07,0.465773463
Palmetto Peartree,PPFOR07,0.425999224
Palmetto Peartree,PPFOR07,0.4809241
Palmetto Peartree,PPFOR07,0.459102124
Palmetto Peartree,PPFOR07,0.469765365
Palmetto Peartree,PPFOR07,0.431275606
Palmetto Peartree,PPFOR07,0.536268115
Palmetto Peartree,PPFOR13,0.431744337
Palmetto Peartree,PPFOR13,0.643119931
Palmetto Peartree,PPFOR13,0.47739628
Palmetto Peartree,PPFOR13,0.525518298
Palmetto Peartree,PPFOR13,0.637355626
Palmetto Peartree,PPFOR13,0.48478812
Palmetto Peartree,PPFOR13,0.559005737
Palmetto Peartree,PPFOR13,0.442442268
Palmetto Peartree,PPFOR11,0.335267544
Palmetto Peartree,PPFOR11,0.254641533
Palmetto Peartree,PPFOR11,0.371696323
Palmetto Peartree,PPFOR11,0.418675095
Palmetto Peartree,PPFOR11,0.467852473
Palmetto Peartree,PPFOR11,0.363389403
Palmetto Peartree,PPFOR11,0.363168657
Palmetto Peartree,PPFOR11,0.341135353
Palmetto Peartree,PPFOR20,0.442695886
Palmetto Peartree,PPFOR20,0.485877573
Palmetto Peartree,PPFOR20,0.353360325
Palmetto Peartree,PPFOR20,0.355248779
Palmetto Peartree,PPFOR20,0.343465298
Palmetto Peartree,PPFOR20,0.412900865
Palmetto Peartree,PPFOR20,0.548679113
Palmetto Peartree,PPFOR20,0
Long Shoal,LSTRA01,0.30369696
Long Shoal,LSTRA01,0.238167882
Long Shoal,LSTRA01,0.318300664
Long Shoal,LSTRA01,0.283546418
Long Shoal,LSTRA01,0.262087524
Long Shoal,LSTRA01,0.305030227
Long Shoal,LSTRA01,0.330036998
Long Shoal,LSTRA01,0.269670099
Long Shoal,LSTRA02,0
Long Shoal,LSTRA02,0.257976353
Long Shoal,LSTRA02,0.209880963
Long Shoal,LSTRA02,0.280815214
Long Shoal,LSTRA02,0.243603691
Long Shoal,LSTRA02,0.236453742
Long Shoal,LSTRA02,0.266988158
Long Shoal,LSTRA02,0
Long Shoal,LSTRA03,0
Long Shoal,LSTRA03,0.147900134
Long Shoal,LSTRA03,0.126829684
Long Shoal,LSTRA03,0.165159643
Long Shoal,LSTRA03,0.146100953
Long Shoal,LSTRA03,0
Long Shoal,LSTRA03,0.151521236
Long Shoal,LSTRA03,0.147238538
Long Shoal,LSTRA04,0.083290905
Long Shoal,LSTRA04,0.156438902
Long Shoal,LSTRA04,0.09888503
Long Shoal,LSTRA04,0.135592818
Long Shoal,LSTRA04,0.125724092
Long Shoal,LSTRA04,0.131778911
Long Shoal,LSTRA04,0.122139938
Long Shoal,LSTRA04,0.09114144
Long Shoal,LSTRA05,0.274480045
Long Shoal,LSTRA05,0.296983063
Long Shoal,LSTRA05,0.253186405
Long Shoal,LSTRA05,0.291478872
Long Shoal,LSTRA05,0.270511448
Long Shoal,LSTRA05,0.301203877
Long Shoal,LSTRA05,0.268921226
Long Shoal,LSTRA05,0.274629295
Long Shoal,LSTRA06,0.111764275
Long Shoal,LSTRA06,0.049742758
Long Shoal,LSTRA06,0.065984428
Long Shoal,LSTRA06,0.124688685
Long Shoal,LSTRA06,0.144221306
Long Shoal,LSTRA06,0.046785496
Long Shoal,LSTRA06,0.026172159
Long Shoal,LSTRA06,0.193918154
Long Shoal,LSTRA07,0.265739888
Long Shoal,LSTRA07,0.279055834
Long Shoal,LSTRA07,0.269952595
Long Shoal,LSTRA07,0.314081699
Long Shoal,LSTRA07,0.281947672
Long Shoal,LSTRA07,0.239944041
Long Shoal,LSTRA07,0.261515111
Long Shoal,LSTRA07,0.282305986
Long Shoal,LSMAR01,0.270250529
Long Shoal,LSMAR01,0.197356805
Long Shoal,LSMAR01,0.250569999
Long Shoal,LSMAR01,0.257044375
Long Shoal,LSMAR01,0.265378207
Long Shoal,LSMAR01,0.240185976
Long Shoal,LSMAR01,0.26169157
Long Shoal,LSMAR01,0.239391401
Long Shoal,LSMAR02,0.215869337
Long Shoal,LSMAR02,0.214406669
Long Shoal,LSMAR02,0.257326394
Long Shoal,LSMAR02,0.221375182
Long Shoal,LSMAR02,0.212672994
Long Shoal,LSMAR02,0.233629495
Long Shoal,LSMAR02,0.207153052
Long Shoal,LSMAR02,0.250213623
Long Shoal,LSMAR03,0.248234183
Long Shoal,LSMAR03,0.215632677
Long Shoal,LSMAR03,0.252378702
Long Shoal,LSMAR03,0.267430484
Long Shoal,LSMAR03,0.23182112
Long Shoal,LSMAR03,0.251297593
Long Shoal,LSMAR03,0.261424214
Long Shoal,LSMAR03,0.218240544
Long Shoal,LSMAR04,0
Long Shoal,LSMAR04,0.219801426
Long Shoal,LSMAR04,0.201612338
Long Shoal,LSMAR04,0.226860419
Long Shoal,LSMAR04,0.159145489
Long Shoal,LSMAR04,0.189383909
Long Shoal,LSMAR04,0.220382258
Long Shoal,LSMAR04,0.186190963
Long Shoal,LSMAR05,0.242950037
Long Shoal,LSMAR05,0.151283577
Long Shoal,LSMAR05,0.265645355
Long Shoal,LSMAR05,0
Long Shoal,LSMAR05,0.262047112
Long Shoal,LSMAR05,0.270862132
Long Shoal,LSMAR05,0.315089434
Long Shoal,LSMAR05,0.240461633
Long Shoal,LSMAR06,0.26880911
Long Shoal,LSMAR06,0.281976581
Long Shoal,LSMAR06,0.273681372
Long Shoal,LSMAR06,0.281631559
Long Shoal,LSMAR06,0.240936831
Long Shoal,LSMAR06,0.282182485
Long Shoal,LSMAR06,0.246814325
Long Shoal,LSMAR06,0.285312802
Long Shoal,LSMAR07,0
Long Shoal,LSMAR07,0.261298329
Long Shoal,LSMAR07,0
Long Shoal,LSMAR07,0.269637197
Long Shoal,LSMAR07,0.279061139
Long Shoal,LSMAR07,0.260735661
Long Shoal,LSMAR07,0.239689589
Long Shoal,LSMAR07,0.30710426
Long Shoal,LSFOR01,0.526300192
Long Shoal,LSFOR01,0.588061035
Long Shoal,LSFOR01,0.638053298
Long Shoal,LSFOR01,0.709605813
Long Shoal,LSFOR01,0.524193645
Long Shoal,LSFOR01,0.770188987
Long Shoal,LSFOR01,0
Long Shoal,LSFOR01,0.362556428
Long Shoal,LSFOR02,0.673881114
Long Shoal,LSFOR02,0.845205307
Long Shoal,LSFOR02,0.733468473
Long Shoal,LSFOR02,0.763148367
Long Shoal,LSFOR02,0.888830721
Long Shoal,LSFOR02,0.869645119
Long Shoal,LSFOR02,0.635281801
Long Shoal,LSFOR02,0.660101295
Long Shoal,LSFOR03,0.653474629
Long Shoal,LSFOR03,0.765972376
Long Shoal,LSFOR03,0.495508343
Long Shoal,LSFOR03,0.486191064
Long Shoal,LSFOR03,0.52204901
Long Shoal,LSFOR03,0.698697746
Long Shoal,LSFOR03,0.661822855
Long Shoal,LSFOR03,0.499112606
Long Shoal,LSFOR04,0.656728923
Long Shoal,LSFOR04,0.864823043
Long Shoal,LSFOR04,0.627824664
Long Shoal,LSFOR04,0.444879562
Long Shoal,LSFOR04,0.590573609
Long Shoal,LSFOR04,0.793805063
Long Shoal,LSFOR04,0.856384456
Long Shoal,LSFOR04,0.813202262
Long Shoal,LSFOR05,0.467608005
Long Shoal,LSFOR05,0.43836835
Long Shoal,LSFOR05,0.474152654
Long Shoal,LSFOR05,0.49499616
Long Shoal,LSFOR05,0.530232847
Long Shoal,LSFOR05,0.518124461
Long Shoal,LSFOR05,0
Long Shoal,LSFOR05,0.477997541
Long Shoal,LSFOR06,0.562584162
Long Shoal,LSFOR06,0.482275844
Long Shoal,LSFOR06,0.913013279
Long Shoal,LSFOR06,0.487905294
Long Shoal,LSFOR06,0
Long Shoal,LSFOR06,0.553471923
Long Shoal,LSFOR06,0.750922203
Long Shoal,LSFOR06,0.609736264
Long Shoal,LSFOR07,0
Long Shoal,LSFOR07,0.431265861
Long Shoal,LSFOR07,0.416279376
Long Shoal,LSFOR07,0.372501463
Long Shoal,LSFOR07,0.475330919
Long Shoal,LSFOR07,0.386860192
Long Shoal,LSFOR07,0.415838301
Long Shoal,LSFOR07,0.416552991
Gull Rock,GRTRA01,0.210442543
Gull Rock,GRTRA01,0.49878332
Gull Rock,GRTRA01,0.378461152
Gull Rock,GRTRA01,0.259759635
Gull Rock,GRTRA01,0.337853938
Gull Rock,GRTRA01,0.418758631
Gull Rock,GRTRA01,0.529174984
Gull Rock,GRTRA01,0.332185209
Gull Rock,GRTRA03,0.362683028
Gull Rock,GRTRA03,0.319053322
Gull Rock,GRTRA03,0.584097505
Gull Rock,GRTRA03,0.535469174
Gull Rock,GRTRA03,0.345205396
Gull Rock,GRTRA03,0.367218941
Gull Rock,GRTRA03,0.40069592
Gull Rock,GRTRA03,0.400828123
Gull Rock,GRTRA04,0.497793049
Gull Rock,GRTRA04,0.524820447
Gull Rock,GRTRA04,0.403830677
Gull Rock,GRTRA04,0.520693421
Gull Rock,GRTRA04,0.404859126
Gull Rock,GRTRA04,0.424742937
Gull Rock,GRTRA04,0.422794253
Gull Rock,GRTRA04,0.388415903
Gull Rock,GRTRA05,0.239814669
Gull Rock,GRTRA05,0.226134047
Gull Rock,GRTRA05,0.276218772
Gull Rock,GRTRA05,0.234043628
Gull Rock,GRTRA05,0.280806333
Gull Rock,GRTRA05,0.268167138
Gull Rock,GRTRA05,0.263006419
Gull Rock,GRTRA05,0.177430525
Gull Rock,GRTRA06,0.308552206
Gull Rock,GRTRA06,0.240416706
Gull Rock,GRTRA06,0.319666237
Gull Rock,GRTRA06,0.340278298
Gull Rock,GRTRA06,0.234895781
Gull Rock,GRTRA06,0.325586468
Gull Rock,GRTRA06,0.247755751
Gull Rock,GRTRA06,0.310243398
Gull Rock,GRTRA07,0.455812335
Gull Rock,GRTRA07,0.447596103
Gull Rock,GRTRA07,0.806971729
Gull Rock,GRTRA07,0.695896208
Gull Rock,GRTRA07,0.383387178
Gull Rock,GRTRA07,0.389600933
Gull Rock,GRTRA07,0.541002631
Gull Rock,GRTRA07,0.532010198
Gull Rock,GRFOR02,0.358707458
Gull Rock,GRFOR02,0.332068384
Gull Rock,GRFOR02,0.243398368
Gull Rock,GRFOR02,0.360574841
Gull Rock,GRFOR02,0.158385113
Gull Rock,GRFOR02,0.417448759
Gull Rock,GRFOR02,0.20981501
Gull Rock,GRFOR02,0.163813636
Gull Rock,GRFOR04,0.4211182
Gull Rock,GRFOR04,0.101901509
Gull Rock,GRFOR04,0.184756085
Gull Rock,GRFOR04,0.382084191
Gull Rock,GRFOR04,0.163997948
Gull Rock,GRFOR04,0.092281073
Gull Rock,GRFOR04,0.146380574
Gull Rock,GRFOR04,0.364400923
Gull Rock,GRFOR06,0.167682171
Gull Rock,GRFOR06,0
Gull Rock,GRFOR06,0.172942758
Gull Rock,GRFOR06,0.221201465
Gull Rock,GRFOR06,0.216325283
Gull Rock,GRFOR06,0.164752096
Gull Rock,GRFOR06,0.252130389
Gull Rock,GRFOR06,0.254377425
Gull Rock,GRMAR01,0.201692641
Gull Rock,GRMAR01,0.167731389
Gull Rock,GRMAR01,0.136683419
Gull Rock,GRMAR01,0.134694666
Gull Rock,GRMAR01,0.151276633
Gull Rock,GRMAR01,0.196959078
Gull Rock,GRMAR01,0.228568986
Gull Rock,GRMAR01,0.15011926
Gull Rock,GRMAR02,0.340086251
Gull Rock,GRMAR02,0.368888825
Gull Rock,GRMAR02,0.251295447
Gull Rock,GRMAR02,0.274542451
Gull Rock,GRMAR02,0.201493755
Gull Rock,GRMAR02,0.378538817
Gull Rock,GRMAR02,0.568999767
Gull Rock,GRMAR02,0.350997359
Gull Rock,GRMAR03,0.290347099
Gull Rock,GRMAR03,0.224447101
Gull Rock,GRMAR03,0.216873169
Gull Rock,GRMAR03,0
Gull Rock,GRMAR03,0
Gull Rock,GRMAR03,0.221559241
Gull Rock,GRMAR03,0.31716308
Gull Rock,GRMAR03,0.231342211
Gull Rock,GRMAR04,0.192593157
Gull Rock,GRMAR04,0.242319018
Gull Rock,GRMAR04,0.170470312
Gull Rock,GRMAR04,0.202528641
Gull Rock,GRMAR04,0.167919248
Gull Rock,GRMAR04,0.189219877
Gull Rock,GRMAR04,0.238804832
Gull Rock,GRMAR04,0.186186463
Gull Rock,GRMAR05,0.258916467
Gull Rock,GRMAR05,0.25068599
Gull Rock,GRMAR05,0.189771563
Gull Rock,GRMAR05,0.219514608
Gull Rock,GRMAR05,0.356614709
Gull Rock,GRMAR05,0.290239841
Gull Rock,GRMAR05,0.231311321
Gull Rock,GRMAR05,0.181718752
Gull Rock,GRMAR06,0.241591409
Gull Rock,GRMAR06,0.153494298
Gull Rock,GRMAR06,0.185154647
Gull Rock,GRMAR06,0.165357664
Gull Rock,GRMAR06,0.210346892
Gull Rock,GRMAR06,0.168893427
Gull Rock,GRMAR06,0.412210047
Gull Rock,GRMAR06,0.172998369
Gull Rock,GRMAR07,0.192090422
Gull Rock,GRMAR07,0.177981243
Gull Rock,GRMAR07,0.189359576
Gull Rock,GRMAR07,0.200918406
Gull Rock,GRMAR07,0.198593542
Gull Rock,GRMAR07,0.229037464
Gull Rock,GRMAR07,0.162379056
Gull Rock,GRMAR07,0.242406294
Gull Rock,GRTRA10,0.54738301
Gull Rock,GRTRA10,0.353278428
Gull Rock,GRTRA10,0.441876799
Gull Rock,GRTRA10,0.352962852
Gull Rock,GRTRA10,0.173628971
Gull Rock,GRTRA10,0.383015245
Gull Rock,GRTRA10,0.489991039
Gull Rock,GRTRA10,0.415633947
Gull Rock,GRFOR10,0.355971098
Gull Rock,GRFOR10,0
Gull Rock,GRFOR10,0.200446233
Gull Rock,GRFOR10,0.278317034
Gull Rock,GRFOR10,0.489811361
Gull Rock,GRFOR10,0.335403144
Gull Rock,GRFOR10,0
Gull Rock,GRFOR10,0.255247712
Gull Rock,GRFOR11,0.331007272
Gull Rock,GRFOR11,0.265757293
Gull Rock,GRFOR11,0.384767711
Gull Rock,GRFOR11,0.35278216
Gull Rock,GRFOR11,0.230354086
Gull Rock,GRFOR11,0.194241986
Gull Rock,GRFOR11,0
Gull Rock,GRFOR11,0.229719475
Gull Rock,GRFOR12,0.285139412
Gull Rock,GRFOR12,0.246238977
Gull Rock,GRFOR12,0.241392195
Gull Rock,GRFOR12,0.331314653
Gull Rock,GRFOR12,0.315235555
Gull Rock,GRFOR12,0.191099688
Gull Rock,GRFOR12,0.282749861
Gull Rock,GRFOR12,0.268291414
Gull Rock,GRFOR13,0.329530329
Gull Rock,GRFOR13,0.348616779
Gull Rock,GRFOR13,0.330608815
Gull Rock,GRFOR13,0.31317392
Gull Rock,GRFOR13,0.209297299
Gull Rock,GRFOR13,0.278904468
Gull Rock,GRFOR13,0.227756545
Gull Rock,GRFOR13,0.287235498
Mashoes,MATRA01,0.539222777
Mashoes,MATRA01,0.305534363
Mashoes,MATRA01,0.546427786
Mashoes,MATRA01,0.504180908
Mashoes,MATRA01,0.548659325
Mashoes,MATRA01,0.460413039
Mashoes,MATRA01,0.553043067
Mashoes,MATRA01,0.441221118
Mashoes,MATRA02,0.587264538
Mashoes,MATRA02,0.626345694
Mashoes,MATRA02,0.632231593
Mashoes,MATRA02,0.536276996
Mashoes,MATRA02,0.669416428
Mashoes,MATRA02,0.602186084
Mashoes,MATRA02,0.641070783
Mashoes,MATRA02,0.555844307
Mashoes,MATRA03,0.563035965
Mashoes,MATRA03,0.424837142
Mashoes,MATRA03,0.618924975
Mashoes,MATRA03,0.689947665
Mashoes,MATRA03,0.467073023
Mashoes,MATRA03,0.411955446
Mashoes,MATRA03,0.560563028
Mashoes,MATRA03,0.463737369
Mashoes,MATRA04,0.233688995
Mashoes,MATRA04,0.227686584
Mashoes,MATRA04,0.229294866
Mashoes,MATRA04,0.341633618
Mashoes,MATRA04,0.350227892
Mashoes,MATRA04,0.348083675
Mashoes,MATRA04,0.263007939
Mashoes,MATRA04,0.422450036
Mashoes,MATRA05,0.603572547
Mashoes,MATRA05,0.644678473
Mashoes,MATRA05,0.468230546
Mashoes,MATRA05,0.649193645
Mashoes,MATRA05,0.630399466
Mashoes,MATRA05,0.686322212
Mashoes,MATRA05,0.716324329
Mashoes,MATRA05,0.619966447
Mashoes,MATRA06,0.618819177
Mashoes,MATRA06,0.617671311
Mashoes,MATRA06,0.509814322
Mashoes,MATRA06,0.475063264
Mashoes,MATRA06,0.77911222
Mashoes,MATRA06,0.756825686
Mashoes,MATRA06,0.284308583
Mashoes,MATRA06,0.191077918
Mashoes,MATRA07,0.555721223
Mashoes,MATRA07,0.559780478
Mashoes,MATRA07,0
Mashoes,MATRA07,0.470573336
Mashoes,MATRA07,0.57904917
Mashoes,MATRA07,0.579569042
Mashoes,MATRA07,0
Mashoes,MATRA07,0.493109494
Mashoes,MAMAR02,0.237882748
Mashoes,MAMAR02,0.238067523
Mashoes,MAMAR02,0.239471078
Mashoes,MAMAR02,0.442045599
Mashoes,MAMAR02,0.181566343
Mashoes,MAMAR02,0.494436711
Mashoes,MAMAR02,0.465652972
Mashoes,MAMAR02,0
Mashoes,MAMAR03,0.35026288
Mashoes,MAMAR03,0.463928431
Mashoes,MAMAR03,0.480868936
Mashoes,MAMAR03,0.549189985
Mashoes,MAMAR03,0.507025242
Mashoes,MAMAR03,0.555617094
Mashoes,MAMAR03,0.525128365
Mashoes,MAMAR03,0
Mashoes,MAMAR04,0.376207352
Mashoes,MAMAR04,0.428626597
Mashoes,MAMAR04,0.56401813
Mashoes,MAMAR04,0.368861049
Mashoes,MAMAR04,0.436818779
Mashoes,MAMAR04,0.532572627
Mashoes,MAMAR04,0.513537467
Mashoes,MAMAR04,0
Mashoes,MAMAR05,0.436356336
Mashoes,MAMAR05,0.450455904
Mashoes,MAMAR05,0.491193831
Mashoes,MAMAR05,0.373869181
Mashoes,MAMAR05,0
Mashoes,MAMAR05,0.53612572
Mashoes,MAMAR05,0.417150944
Mashoes,MAMAR05,0.43157813
Mashoes,MAMAR07,0.628723443
Mashoes,MAMAR07,0.517933846
Mashoes,MAMAR07,0.534666359
Mashoes,MAMAR07,0.538381636
Mashoes,MAMAR07,0.493577808
Mashoes,MAMAR07,0.268491387
Mashoes,MAMAR07,0.476847202
Mashoes,MAMAR07,0
Mashoes,MAFOR02,0.324798226
Mashoes,MAFOR02,0.343162209
Mashoes,MAFOR02,0.358008444
Mashoes,MAFOR02,0.269784898
Mashoes,MAFOR02,0.310030639
Mashoes,MAFOR02,0.274430484
Mashoes,MAFOR02,0.307729483
Mashoes,MAFOR02,0.309328496
Mashoes,MAFOR04,0.433517545
Mashoes,MAFOR04,0.568507493
Mashoes,MAFOR04,0.510399938
Mashoes,MAFOR04,0.544116676
Mashoes,MAFOR04,0.335035622
Mashoes,MAFOR04,0.529266357
Mashoes,MAFOR04,0.322575986
Mashoes,MAFOR04,0.450401157
Mashoes,MAFOR05,0.549317122
Mashoes,MAFOR05,0.535526037
Mashoes,MAFOR05,0.614776313
Mashoes,MAFOR05,0.472475559
Mashoes,MAFOR05,0.501614094
Mashoes,MAFOR05,0.463544548
Mashoes,MAFOR05,0.510667741
Mashoes,MAFOR05,0.405015975
Mashoes,MAFOR06,0.303422451
Mashoes,MAFOR06,0.350440353
Mashoes,MAFOR06,0.362803042
Mashoes,MAFOR06,0.351280332
Mashoes,MAFOR06,0.341181576
Mashoes,MAFOR06,0.429676622
Mashoes,MAFOR06,0.254120499
Mashoes,MAFOR06,0.386476308
Mashoes,MAMAR10,0.431111246
Mashoes,MAMAR10,0.459731162
Mashoes,MAMAR10,0.419874579
Mashoes,MAMAR10,0
Mashoes,MAMAR10,0.651628613
Mashoes,MAMAR10,0.512838602
Mashoes,MAMAR10,0.62976253
Mashoes,MAMAR10,0.624772012
Mashoes,MAMAR11,0.234275207
Mashoes,MAMAR11,0.277373075
Mashoes,MAMAR11,0.328886598
Mashoes,MAMAR11,0.291450769
Mashoes,MAMAR11,0.282620132
Mashoes,MAMAR11,0.261961281
Mashoes,MAMAR11,0.223869443
Mashoes,MAMAR11,0.178717643
Mashoes,MAFOR10,0.405827403
Mashoes,MAFOR10,0.294039488
Mashoes,MAFOR10,0.384431988
Mashoes,MAFOR10,0.341306686
Mashoes,MAFOR10,0.313882887
Mashoes,MAFOR10,0.28332448
Mashoes,MAFOR10,0.30644545
Mashoes,MAFOR10,0.335363984
Mashoes,MAFOR11,0.282190114
Mashoes,MAFOR11,0.260852396
Mashoes,MAFOR11,0.316099674
Mashoes,MAFOR11,0.263729423
Mashoes,MAFOR11,0.309173703
Mashoes,MAFOR11,0.291785151
Mashoes,MAFOR11,0.263711959
Mashoes,MAFOR11,0.316251665
Mashoes,MAFOR12,0.313802272
Mashoes,MAFOR12,0.323788226
Mashoes,MAFOR12,0.282452911
Mashoes,MAFOR12,0.348039001
Mashoes,MAFOR12,0.278741032
Mashoes,MAFOR12,0.337044299
Mashoes,MAFOR12,0.354555577
Mashoes,MAFOR12,0.293113112
Swanquarter,SWMAR01,0.66661483
Swanquarter,SWMAR01,0.703325629
Swanquarter,SWMAR01,0.722407222
Swanquarter,SWMAR01,0.639150679
Swanquarter,SWMAR01,0.707687318
Swanquarter,SWMAR01,0.528292537
Swanquarter,SWMAR01,0.633328259
Swanquarter,SWMAR01,0.608647704
